公司,公司名称,年度,日期,供应商编号,供应商名称,供应商类别,物料代码,物料名称,规格型号,物料类别,记账本位币,采购单位,采购数量,采购单价,采购金额,订单货币,单价(订单货币),金额(订单货币),采购用途,采购订单,物料凭证,行项目,会计凭证号码,移动类型,移动类型描述,冲销标识,行项目类别,标识：基于收货的发票验证,行项目文本,发票数量,发票单价,发票货值,发票税额,发票总额,发票过账日期,暂估数量,暂估总额,暂估货值
1000,示例香料股份有限公司,2025,2025-03-15,SUP001,示例化工有限公司,非关联方,10005587,原料A,规格A,原料类,CNY,KG,500.0000,85.5000,42750.00,CNY,85.5000,42750.00,生产用料,4500012345,5000012345,0001,5100012345,101,收货,,L,,500.0000,85.5000,42750.00,5557.50,48307.50,2025-04-01,500.0000,42750.00,42750.00
1000,示例香料股份有限公司,2025,2025-06-20,SUP002,示例贸易有限公司,非关联方,10012345,辅料B,规格B,辅料类,CNY,KG,1000.0000,12.8000,12800.00,CNY,12.8000,12800.00,生产用料,4500056789,5000056789,0001,5100056789,101,收货,,L,,1000.0000,12.8000,12800.00,1664.00,14464.00,2025-07-15,1000.0000,12800.00,12800.00
D510,Example International Co., Ltd.,2025,2025-04-10,SUP003,Example Chemical Co.,非关联方,10005587,原料A,规格A,原料类,IDR,KG,200.0000,195000.0000,39000000.00,IDR,195000.0000,39000000.00,生产用料,4500099999,5000099999,0001,5100099999,101,收货,,L,,200.0000,195000.0000,39000000.00,4290000.00,43290000.00,2025-05-01,200.0000,39000000.00,39000000.00
E510,示例生物科技有限公司,2025,2025-08-05,SUP001,示例化工有限公司,非关联方,10005587,原料A,规格A,原料类,CNY,KG,800.0000,88.2000,70560.00,CNY,88.2000,70560.00,生产用料,4500011111,5000011111,0001,5100011111,101,收货,,L,,800.0000,88.2000,70560.00,9172.80,79732.80,2025-09-01,800.0000,70560.00,70560.00
2000,示例食品有限公司,2026,2026-01-12,SUP002,示例贸易有限公司,非关联方,10012345,辅料B,规格B,辅料类,CNY,KG,2000.0000,13.5000,27000.00,USD,1.9000,3800.00,生产用料,4500022222,5000022222,0001,5100022222,101,收货,,L,,2000.0000,13.5000,27000.00,3510.00,30510.00,2026-02-01,2000.0000,27000.00,27000.00
1000,示例香料股份有限公司,2025,2025-11-01,SUP004,示例新材料有限公司,关联方,10099999,原料C,规格C,原料类,CNY,KG,100.0000,520.0000,52000.00,CNY,520.0000,52000.00,生产用料,4500033333,5000033333,0001,5100033333,101,收货,,L,,,,,,,,
说明,,,,,,,,,,,,,,,,,,,,,,,,,,,,,,,,,,,,,,,,
"# 表名: purchase_records（采购记录表）— 这是最核心的数据表，所有分析看板的数据来源",,,,,,,,,,,,,,,,,,,,,,,,,,,,,,,,,,,,,,,,
"# ⚠️ 注意: 以上列名必须严格匹配，导入服务按中文列名读取",,,,,,,,,,,,,,,,,,,,,,,,,,,,,,,,,,,,,,,,
"# 必填列（系统会自动校验）:",,,,,,,,,,,,,,,,,,,,,,,,,,,,,,,,,,,,,,,,
"#   公司 → company_code",,,,,,,,,,,,,,,,,,,,,,,,,,,,,,,,,,,,,,,,
"#   日期 → transaction_date (格式: YYYY-MM-DD)",,,,,,,,,,,,,,,,,,,,,,,,,,,,,,,,,,,,,,,,
"#   年度 → fiscal_year (整数 如 2025)",,,,,,,,,,,,,,,,,,,,,,,,,,,,,,,,,,,,,,,,
"#   物料代码 → material_code (不能为空，空行会被过滤)",,,,,,,,,,,,,,,,,,,,,,,,,,,,,,,,,,,,,,,,
"# 金额计算逻辑:",,,,,,,,,,,,,,,,,,,,,,,,,,,,,,,,,,,,,,,,
"#   CNY金额 = 金额(订单货币) × 汇率(订单货币→CNY)",,,,,,,,,,,,,,,,,,,,,,,,,,,,,,,,,,,,,,,,
"#   订单货币为CNY时 汇率自动为1.0",,,,,,,,,,,,,,,,,,,,,,,,,,,,,,,,,,,,,,,,
"#   汇率表中查不到时 会用'采购金额'列兜底（仅本位币为CNY时准确）",,,,,,,,,,,,,,,,,,,,,,,,,,,,,,,,,,,,,,,,
"# 过滤规则:",,,,,,,,,,,,,,,,,,,,,,,,,,,,,,,,,,,,,,,,
"#   1. 供应商类别='关联方' 的行会被自动排除",,,,,,,,,,,,,,,,,,,,,,,,,,,,,,,,,,,,,,,,
"#   2. 物料代码为空的行会被自动排除",,,,,,,,,,,,,,,,,,,,,,,,,,,,,,,,,,,,,,,,
"# 去重规则: 按 '物料凭证+行项目' 去重，重复导入不会重复入库",,,,,,,,,,,,,,,,,,,,,,,,,,,,,,,,,,,,,,,,
